0,22,2023-11-08 06:34,fulfilled
1,85,2023-07-25 04:12,in progress
2,27,2023-06-03 07:39,in progress
3,62,2023-09-04 17:56,fulfilled
4,9,2024-04-05 21:06,in progress
5,44,2024-04-05 02:40,in progress
6,18,2024-02-05 06:46,in progress
7,82,2024-02-21 01:37,in progress
8,69,2023-11-28 12:17,fulfilled
9,58,2023-10-08 02:03,in progress
10,73,2023-06-01 03:39,fulfilled
11,74,2023-05-16 23:46,fulfilled
12,69,2023-11-24 00:21,fulfilled
13,37,2024-04-10 11:05,fulfilled
14,65,2023-05-07 03:08,fulfilled
15,5,2024-04-06 21:01,fulfilled
16,0,2024-04-15 03:06,fulfilled
17,26,2023-12-24 10:09,fulfilled
18,15,2023-06-06 05:39,in progress
19,69,2023-07-25 11:32,in progress
20,1,2023-10-06 17:21,in progress
21,90,2024-01-23 05:22,in progress
22,12,2023-09-02 16:11,fulfilled
23,21,2023-07-02 14:07,in progress
24,55,2023-11-08 23:00,in progress
25,27,2023-05-24 17:20,fulfilled
26,4,2023-12-06 13:15,fulfilled
27,71,2023-07-09 03:20,fulfilled
28,26,2023-11-09 02:37,in progress
29,36,2024-03-20 01:06,in progress
30,73,2023-05-16 08:33,fulfilled
31,90,2024-02-26 20:43,fulfilled
32,49,2023-06-15 07:45,fulfilled
33,1,2023-12-06 22:16,in progress
34,84,2023-06-03 10:04,in progress
35,25,2023-12-03 11:17,in progress
36,85,2023-07-29 18:39,in progress
37,16,2023-10-05 08:19,in progress
38,28,2024-02-25 23:35,in progress
39,55,2024-02-03 06:20,fulfilled
40,34,2023-09-27 01:51,fulfilled
41,7,2024-03-26 23:27,fulfilled
42,78,2024-04-13 19:29,in progress
43,24,2023-10-06 07:53,in progress
44,41,2024-02-09 12:54,in progress
45,36,2023-07-09 19:05,in progress
46,59,2023-09-29 06:26,in progress
47,82,2023-12-11 14:08,in progress
48,63,2023-12-29 17:08,in progress
49,72,2024-02-23 03:00,in progress
