0,43,2023-10-28 04:56,fulfilled
1,75,2023-09-05 20:46,in progress
2,99,2023-09-29 11:43,in progress
3,23,2024-04-21 05:12,fulfilled
4,38,2024-02-18 19:42,in progress
5,2,2023-10-24 00:58,in progress
6,84,2024-03-12 17:45,in progress
7,45,2023-05-04 00:53,fulfilled
8,20,2024-01-24 09:40,in progress
9,86,2023-05-07 00:10,in progress
10,88,2023-07-13 06:14,in progress
11,6,2023-11-22 05:59,in progress
12,89,2023-07-24 10:27,fulfilled
13,72,2023-05-16 03:05,fulfilled
14,89,2023-08-24 13:36,fulfilled
15,31,2024-04-01 04:01,fulfilled
16,85,2023-06-25 07:48,fulfilled
17,60,2023-07-10 16:41,in progress
18,84,2023-05-30 23:09,fulfilled
19,48,2023-08-11 23:02,fulfilled
20,34,2023-06-27 20:23,fulfilled
21,33,2023-06-27 20:32,fulfilled
22,93,2023-08-21 13:51,in progress
23,67,2023-10-27 05:25,fulfilled
24,9,2023-09-24 02:32,fulfilled
25,28,2023-09-13 00:59,fulfilled
26,39,2023-11-08 02:38,fulfilled
27,71,2023-10-22 20:33,fulfilled
28,72,2023-11-28 17:28,in progress
29,53,2023-05-25 09:04,fulfilled
30,78,2024-01-08 23:41,in progress
31,1,2023-07-28 20:30,in progress
32,82,2023-06-09 14:36,fulfilled
33,93,2023-11-10 06:24,in progress
34,67,2023-12-17 21:42,in progress
35,45,2023-06-22 00:17,fulfilled
36,49,2023-07-07 15:40,in progress
37,2,2024-01-19 07:16,fulfilled
38,13,2023-09-17 14:58,fulfilled
39,70,2023-05-17 22:44,in progress
40,15,2023-08-16 03:12,in progress
41,84,2024-03-08 00:06,fulfilled
42,28,2023-10-04 05:35,fulfilled
43,83,2023-12-06 08:40,fulfilled
44,87,2023-12-21 11:05,in progress
45,28,2023-12-11 03:26,fulfilled
46,86,2023-10-17 12:51,fulfilled
47,29,2023-07-28 11:38,fulfilled
48,34,2023-10-30 14:26,in progress
49,30,2023-07-19 13:46,fulfilled
