0,99,0,91
1,71,1,35
2,51,2,46
3,54,3,86
4,95,4,81
5,68,5,75
6,84,6,46
7,90,7,52
8,56,8,90
9,62,9,7
10,69,10,61
11,88,11,19
12,78,12,56
13,60,13,8
14,60,14,24
15,88,15,43
16,74,16,97
17,98,17,95
18,79,18,77
19,57,19,49
20,51,20,9
21,76,21,8
22,94,22,28
23,56,23,68
24,98,24,19
25,74,25,43
26,91,26,18
27,62,27,89
28,79,28,90
29,89,29,41
30,57,30,94
31,74,31,68
32,69,32,40
33,76,33,11
34,58,34,9
35,69,35,3
36,92,36,18
37,87,37,53
38,95,38,95
39,61,39,82
40,72,40,64
41,64,41,81
42,76,42,75
43,82,43,21
44,69,44,54
45,61,45,12
46,94,46,20
47,69,47,86
48,52,48,10
49,68,49,100
50,54,50,13
51,69,51,60
52,68,52,87
53,58,53,22
54,82,54,39
55,71,55,97
56,67,56,40
57,54,57,10
58,87,58,92
59,52,59,93
60,73,60,27
61,94,61,74
62,52,62,90
63,80,63,63
64,79,64,52
65,88,65,83
66,66,66,63
67,56,67,27
68,67,68,86
69,58,69,59
70,75,70,74
71,89,71,67
72,65,72,74
73,65,73,53
74,55,74,32
75,82,75,13
76,84,76,78
77,59,77,26
78,69,78,74
79,90,79,49
80,92,80,56
81,76,81,2
82,60,82,75
83,74,83,96
84,73,84,13
85,96,85,40
86,51,86,68
87,52,87,60
88,59,88,5
89,80,89,76
90,76,90,28
91,85,91,9
92,56,92,38
93,92,93,77
94,95,94,24
95,65,95,63
96,55,96,48
97,59,97,22
98,82,98,83
99,81,99,86
100,77,100,46
101,53,101,83
102,77,102,78
103,73,103,41
104,94,104,96
105,65,105,23
106,51,106,3
107,87,107,34
108,90,108,81
109,98,109,51
110,94,110,41
111,92,111,72
112,61,112,21
113,75,113,63
114,77,114,21
115,69,115,99
116,74,116,59
117,64,117,19
118,82,118,66
119,92,119,27
120,90,120,17
121,83,121,41
122,87,122,93
123,62,123,39
124,62,124,76
125,65,125,28
126,85,126,2
127,58,127,37
128,82,128,9
129,91,129,11
130,79,130,30
131,87,131,5
132,83,132,35
133,86,133,27
134,84,134,52
135,53,135,13
136,94,136,85
137,72,137,91
138,55,138,82
139,75,139,64
140,62,140,35
141,78,141,82
142,56,142,43
143,80,143,93
144,81,144,8
145,67,145,12
146,65,146,90
147,77,147,49
148,58,148,30
149,82,149,50
150,99,150,36
151,98,151,50
152,63,152,10
153,67,153,36
154,84,154,91
155,77,155,75
156,91,156,36
157,59,157,96
158,89,158,94
159,74,159,9
160,67,160,46
161,83,161,22
162,84,162,5
163,56,163,27
164,70,164,45
165,99,165,78
166,71,166,82
167,53,167,31
168,73,168,60
169,95,169,70
170,93,170,3
171,52,171,91
172,76,172,67
173,93,173,40
174,70,174,14
175,92,175,56
176,86,176,62
177,90,177,65
178,90,178,4
179,51,179,41
180,60,180,73
181,96,181,50
182,68,182,50
183,59,183,53
184,79,184,81
185,53,185,85
186,55,186,80
187,81,187,90
188,61,188,57
189,64,189,76
190,89,190,22
191,96,191,89
192,78,192,20
193,68,193,18
194,74,194,4
195,69,195,2
196,60,196,74
197,90,197,41
198,93,198,60
199,70,199,49
200,54,200,87
201,74,201,38
202,72,202,37
203,54,203,81
204,88,204,18
205,52,205,14
206,87,206,63
207,94,207,94
208,93,208,29
209,63,209,37
210,55,210,27
211,95,211,100
212,50,212,46
213,95,213,12
214,53,214,5
215,69,215,7
216,73,216,25
217,52,217,39
218,79,218,2
219,81,219,47
220,91,220,3
221,78,221,3
222,66,222,56
223,85,223,6
224,53,224,85
225,76,225,93
226,55,226,70
227,59,227,58
228,76,228,90
229,69,229,77
230,50,230,92
231,55,231,14
232,83,232,96
233,91,233,30
234,58,234,67
235,75,235,21
236,52,236,65
237,95,237,86
238,62,238,12
239,88,239,53
240,52,240,49
241,55,241,19
242,97,242,88
243,55,243,10
244,81,244,56
245,64,245,57
246,88,246,64
247,92,247,25
248,65,248,76
249,94,249,83
250,79,250,27
251,67,251,93
252,73,252,71
253,54,253,16
254,82,254,84
255,73,255,78
256,68,256,4
257,61,257,69
258,86,258,39
259,51,259,55
260,98,260,17
261,91,261,63
262,68,262,13
263,85,263,59
264,61,264,98
265,89,265,6
266,74,266,88
267,96,267,92
268,55,268,8
269,76,269,52
270,88,270,5
271,72,271,32
272,91,272,55
273,79,273,26
274,70,274,59
275,50,275,26
276,99,276,90
277,65,277,7
278,81,278,51
279,91,279,54
280,73,280,25
281,59,281,19
282,61,282,78
283,90,283,60
284,99,284,48
285,73,285,40
286,78,286,91
287,53,287,10
288,72,288,38
289,50,289,79
290,67,290,23
291,66,291,13
292,78,292,46
293,60,293,42
294,77,294,24
295,63,295,31
296,51,296,81
297,80,297,2
298,95,298,73
299,66,299,95
300,94,300,89
301,98,301,23
302,53,302,31
303,58,303,1
304,68,304,27
305,87,305,84
306,97,306,87
307,65,307,54
308,81,308,16
309,54,309,79
310,75,310,55
311,50,311,67
312,88,312,38
313,55,313,6
314,60,314,31
315,80,315,48
316,73,316,35
317,54,317,10
318,97,318,38
319,59,319,77
320,58,320,69
321,94,321,68
322,76,322,74
323,66,323,53
324,86,324,32
325,93,325,29
326,99,326,43
327,75,327,58
328,83,328,53
329,52,329,82
330,72,330,26
331,76,331,82
332,71,332,71
333,66,333,14
334,88,334,54
335,69,335,9
336,92,336,25
337,55,337,20
338,74,338,27
339,80,339,71
340,69,340,97
341,97,341,82
342,94,342,54
343,87,343,17
344,55,344,70
345,63,345,94
346,88,346,27
347,71,347,44
348,70,348,29
349,59,349,52
350,99,350,19
351,81,351,60
352,81,352,95
353,72,353,47
354,62,354,86
355,52,355,25
356,80,356,27
357,80,357,24
358,99,358,95
359,86,359,37
360,89,360,16
361,88,361,64
362,69,362,6
363,74,363,97
364,89,364,98
365,92,365,74
366,99,366,77
367,67,367,84
368,70,368,59
369,91,369,69
370,74,370,94
371,90,371,70
372,59,372,17
373,61,373,62
374,60,374,11
375,82,375,21
376,82,376,75
377,54,377,40
378,84,378,91
379,74,379,83
380,70,380,54
381,59,381,4
382,68,382,63
383,79,383,62
384,85,384,41
385,80,385,76
386,87,386,28
387,60,387,72
388,76,388,88
389,90,389,28
390,69,390,84
391,67,391,11
392,98,392,57
393,66,393,69
394,64,394,18
395,50,395,13
396,80,396,2
397,58,397,29
398,74,398,92
399,66,399,78
400,57,400,41
401,80,401,20
402,90,402,53
403,68,403,63
404,90,404,61
405,91,405,25
406,84,406,40
407,95,407,64
408,89,408,82
409,73,409,0
410,90,410,56
411,88,411,81
412,60,412,54
413,94,413,94
414,74,414,30
415,97,415,60
416,74,416,35
417,89,417,6
418,76,418,31
419,84,419,8
420,75,420,91
421,60,421,77
422,87,422,35
423,65,423,50
424,90,424,93
425,64,425,65
426,87,426,39
427,95,427,77
428,97,428,17
429,58,429,63
430,98,430,64
431,50,431,24
432,97,432,47
433,90,433,52
434,60,434,6
435,70,435,10
436,91,436,22
437,99,437,12
438,80,438,84
439,65,439,87
440,80,440,98
441,87,441,13
442,77,442,20
443,74,443,98
444,84,444,68
445,55,445,100
446,92,446,98
447,88,447,7
448,92,448,64
449,98,449,90
450,73,450,60
451,98,451,50
452,86,452,23
453,66,453,84
454,54,454,37
455,62,455,95
456,99,456,16
457,59,457,17
458,50,458,49
459,85,459,79
460,53,460,71
461,82,461,1
462,94,462,83
463,81,463,40
464,94,464,3
465,99,465,34
466,94,466,78
467,78,467,84
468,51,468,94
469,71,469,10
470,89,470,84
471,50,471,62
472,56,472,68
473,82,473,91
474,94,474,23
475,69,475,23
476,68,476,26
477,78,477,30
478,64,478,55
479,70,479,35
480,59,480,91
481,54,481,25
482,76,482,1
483,71,483,72
484,57,484,66
485,81,485,35
486,82,486,62
487,59,487,18
488,81,488,25
489,53,489,16
490,51,490,26
491,66,491,21
492,51,492,74
493,81,493,32
494,53,494,22
495,65,495,59
496,93,496,51
497,79,497,54
498,69,498,46
499,74,499,49
500,71,0,31
501,61,1,8
502,93,2,6
503,94,3,1
504,91,4,9
505,55,5,74
506,56,6,46
507,51,7,46
508,87,8,28
509,57,9,45
510,76,10,19
511,56,11,23
512,98,12,80
513,72,13,66
514,66,14,33
515,74,15,92
516,68,16,98
517,86,17,42
518,72,18,30
519,64,19,18
520,51,20,35
521,92,21,51
522,69,22,96
523,63,23,0
524,56,24,16
525,71,25,64
526,70,26,76
527,55,27,72
528,83,28,38
529,61,29,28
530,86,30,2
531,85,31,71
532,93,32,37
533,66,33,82
534,84,34,5
535,64,35,18
536,71,36,14
537,80,37,96
538,96,38,87
539,75,39,60
540,91,40,16
541,85,41,26
542,91,42,21
543,74,43,83
544,53,44,59
545,63,45,93
546,97,46,53
547,58,47,83
548,62,48,15
549,79,49,83
550,83,50,58
551,65,51,97
552,95,52,20
553,52,53,69
554,81,54,72
555,72,55,31
556,80,56,80
557,81,57,46
558,89,58,44
559,59,59,71
560,61,60,74
561,93,61,74
562,57,62,65
563,82,63,53
564,94,64,90
565,97,65,58
566,54,66,14
567,92,67,67
568,96,68,79
569,62,69,39
570,61,70,16
571,67,71,28
572,68,72,99
573,68,73,7
574,86,74,64
575,61,75,22
576,56,76,56
577,66,77,52
578,93,78,53
579,55,79,48
580,98,80,88
581,72,81,1
582,84,82,12
583,73,83,56
584,73,84,95
585,67,85,7
586,80,86,85
587,86,87,49
588,95,88,73
589,88,89,23
590,53,90,70
591,98,91,18
592,91,92,64
593,93,93,20
594,86,94,5
595,50,95,55
596,99,96,15
597,77,97,6
598,85,98,29
599,50,99,27
600,67,100,89
601,69,101,82
602,62,102,24
603,60,103,54
604,73,104,84
605,75,105,8
606,88,106,72
607,88,107,59
608,77,108,70
609,91,109,23
610,86,110,12
611,95,111,71
612,82,112,34
613,56,113,76
614,89,114,16
615,93,115,9
616,82,116,50
617,89,117,29
618,56,118,38
619,98,119,9
620,76,120,93
621,91,121,80
622,62,122,58
623,70,123,18
624,91,124,48
625,96,125,3
626,68,126,84
627,54,127,42
628,98,128,62
629,68,129,69
630,62,130,21
631,83,131,73
632,98,132,60
633,55,133,19
634,65,134,9
635,93,135,96
636,65,136,22
637,61,137,77
638,92,138,87
639,67,139,81
640,72,140,99
641,55,141,38
642,92,142,15
643,95,143,72
644,81,144,72
645,74,145,28
646,74,146,91
647,77,147,84
648,86,148,32
649,74,149,14
650,69,150,0
651,99,151,75
652,75,152,4
653,81,153,7
654,61,154,14
655,67,155,49
656,70,156,16
657,69,157,73
658,60,158,81
659,53,159,9
660,54,160,97
661,55,161,12
662,79,162,100
663,93,163,92
664,65,164,81
665,92,165,7
666,84,166,38
667,83,167,71
668,87,168,54
669,76,169,35
670,67,170,17
671,68,171,59
672,50,172,11
673,52,173,73
674,93,174,96
675,92,175,95
676,79,176,73
677,99,177,27
678,71,178,69
679,84,179,77
680,97,180,9
681,55,181,55
682,92,182,8
683,56,183,93
684,64,184,30
685,60,185,36
686,91,186,93
687,60,187,100
688,61,188,89
689,88,189,82
690,50,190,62
691,76,191,54
692,93,192,9
693,95,193,1
694,99,194,66
695,66,195,9
696,93,196,15
697,85,197,59
698,80,198,45
699,72,199,53
700,51,200,5
701,60,201,5
702,74,202,52
703,50,203,50
704,62,204,77
705,57,205,64
706,93,206,79
707,76,207,64
708,86,208,43
709,71,209,90
710,54,210,94
711,93,211,66
712,70,212,43
713,77,213,65
714,53,214,76
715,76,215,25
716,61,216,60
717,62,217,2
718,62,218,92
719,55,219,19
720,64,220,27
721,81,221,39
722,52,222,53
723,83,223,60
724,60,224,58
725,57,225,1
726,84,226,41
727,83,227,21
728,68,228,84
729,95,229,53
730,55,230,47
731,81,231,66
732,84,232,0
733,85,233,45
734,56,234,87
735,91,235,23
736,50,236,24
737,58,237,28
738,78,238,30
739,80,239,32
740,73,240,60
741,90,241,66
742,59,242,40
743,76,243,64
744,98,244,92
745,90,245,27
746,92,246,100
747,62,247,23
748,66,248,1
749,81,249,97
750,50,250,42
751,60,251,5
752,72,252,5
753,95,253,14
754,81,254,87
755,59,255,99
756,99,256,93
757,94,257,14
758,76,258,3
759,52,259,30
760,50,260,89
761,78,261,45
762,83,262,17
763,68,263,22
764,54,264,85
765,79,265,84
766,84,266,37
767,58,267,23
768,76,268,67
769,55,269,39
770,89,270,52
771,77,271,52
772,67,272,77
773,71,273,4
774,89,274,74
775,93,275,100
776,66,276,97
777,73,277,79
778,71,278,4
779,73,279,46
780,57,280,48
781,52,281,79
782,75,282,97
783,93,283,1
784,50,284,56
785,76,285,86
786,63,286,85
787,54,287,13
788,54,288,47
789,95,289,7
790,95,290,1
791,50,291,92
792,61,292,13
793,72,293,85
794,59,294,20
795,70,295,30
796,88,296,18
797,50,297,27
798,96,298,76
799,72,299,53
800,67,300,7
801,75,301,37
802,90,302,25
803,51,303,55
804,71,304,99
805,63,305,60
806,60,306,15
807,77,307,13
808,66,308,66
809,61,309,85
810,84,310,72
811,60,311,85
812,69,312,8
813,94,313,50
814,88,314,40
815,64,315,80
816,51,316,77
817,88,317,46
818,58,318,76
819,96,319,17
820,88,320,83
821,94,321,61
822,71,322,25
823,69,323,6
824,65,324,88
825,77,325,91
826,85,326,6
827,64,327,86
828,69,328,66
829,91,329,92
830,90,330,99
831,88,331,62
832,85,332,43
833,65,333,30
834,91,334,70
835,99,335,99
836,71,336,26
837,67,337,25
838,88,338,55
839,59,339,9
840,54,340,82
841,59,341,74
842,68,342,50
843,55,343,43
844,69,344,64
845,55,345,25
846,80,346,81
847,70,347,9
848,80,348,93
849,56,349,15
850,98,350,4
851,97,351,4
852,86,352,22
853,76,353,66
854,93,354,45
855,76,355,96
856,73,356,71
857,90,357,47
858,91,358,6
859,55,359,2
860,95,360,80
861,58,361,94
862,56,362,13
863,60,363,65
864,88,364,14
865,88,365,49
866,72,366,96
867,52,367,49
868,70,368,45
869,71,369,34
870,85,370,88
871,98,371,42
872,56,372,48
873,83,373,94
874,72,374,56
875,52,375,1
876,71,376,0
877,83,377,8
878,69,378,46
879,67,379,71
880,71,380,42
881,93,381,94
882,89,382,9
883,69,383,63
884,82,384,31
885,51,385,46
886,62,386,68
887,90,387,48
888,81,388,74
889,66,389,48
890,54,390,13
891,69,391,1
892,79,392,33
893,80,393,4
894,50,394,21
895,67,395,70
896,67,396,36
897,76,397,40
898,93,398,6
899,84,399,13
900,92,400,11
901,76,401,58
902,92,402,45
903,93,403,59
904,64,404,58
905,66,405,56
906,83,406,93
907,78,407,5
908,76,408,75
909,51,409,36
910,89,410,88
911,67,411,78
912,91,412,72
913,70,413,1
914,96,414,2
915,88,415,53
916,74,416,82
917,70,417,65
918,77,418,35
919,58,419,28
920,72,420,54
921,57,421,57
922,85,422,96
923,61,423,12
924,61,424,73
925,62,425,61
926,55,426,94
927,93,427,24
928,81,428,54
929,98,429,3
930,76,430,2
931,99,431,63
932,93,432,85
933,92,433,65
934,89,434,51
935,95,435,26
936,83,436,21
937,58,437,74
938,97,438,29
939,55,439,23
940,64,440,42
941,80,441,79
942,84,442,98
943,99,443,59
944,97,444,2
945,76,445,14
946,56,446,37
947,64,447,99
948,84,448,45
949,87,449,9
950,76,450,4
951,89,451,7
952,92,452,51
953,50,453,18
954,95,454,54
955,92,455,92
956,93,456,90
957,75,457,58
958,59,458,24
959,59,459,13
960,58,460,32
961,71,461,54
962,86,462,71
963,55,463,68
964,98,464,19
965,87,465,68
966,84,466,25
967,85,467,46
968,89,468,37
969,71,469,72
970,84,470,40
971,98,471,24
972,91,472,87
973,71,473,35
974,69,474,31
975,82,475,86
976,58,476,54
977,52,477,87
978,86,478,21
979,52,479,47
980,89,480,62
981,57,481,50
982,89,482,26
983,88,483,19
984,88,484,59
985,97,485,8
986,61,486,22
987,79,487,30
988,69,488,59
989,86,489,17
990,65,490,89
991,51,491,70
992,96,492,49
993,69,493,49
994,70,494,39
995,62,495,55
996,64,496,55
997,50,497,2
998,56,498,41
999,80,499,59
1000,64,0,31
1001,88,1,66
1002,83,2,31
1003,56,3,20
1004,51,4,89
1005,60,5,55
1006,72,6,18
1007,69,7,43
1008,90,8,16
1009,87,9,62
1010,92,10,91
1011,95,11,74
1012,90,12,55
1013,79,13,7
1014,99,14,28
1015,74,15,60
1016,97,16,40
1017,57,17,36
1018,91,18,96
1019,97,19,31
1020,67,20,76
1021,98,21,0
1022,82,22,9
1023,51,23,86
1024,67,24,94
1025,65,25,80
1026,66,26,55
1027,96,27,45
1028,61,28,56
1029,54,29,12
1030,98,30,48
1031,85,31,20
1032,55,32,80
1033,53,33,43
1034,74,34,15
1035,87,35,98
1036,58,36,53
1037,88,37,82
1038,75,38,13
1039,87,39,71
1040,97,40,83
1041,76,41,3
1042,89,42,42
1043,79,43,2
1044,85,44,87
1045,62,45,56
1046,92,46,28
1047,69,47,13
1048,64,48,33
1049,94,49,12
1050,56,50,22
1051,85,51,78
1052,76,52,19
1053,74,53,8
1054,86,54,4
1055,96,55,96
1056,82,56,31
1057,99,57,83
1058,74,58,63
1059,97,59,59
1060,77,60,22
1061,52,61,87
1062,94,62,67
1063,76,63,92
1064,91,64,40
1065,61,65,83
1066,65,66,67
1067,62,67,5
1068,57,68,62
1069,73,69,64
1070,93,70,99
1071,64,71,15
1072,93,72,60
1073,55,73,97
1074,57,74,46
1075,65,75,20
1076,70,76,4
1077,91,77,83
1078,76,78,48
1079,86,79,18
1080,89,80,66
1081,75,81,45
1082,83,82,48
1083,78,83,3
1084,80,84,31
1085,64,85,3
1086,82,86,34
1087,53,87,69
1088,71,88,37
1089,97,89,64
1090,86,90,76
1091,50,91,48
1092,78,92,11
1093,77,93,84
1094,62,94,28
1095,87,95,73
1096,89,96,35
1097,50,97,35
1098,89,98,78
1099,94,99,48
1100,96,100,70
1101,89,101,72
1102,76,102,63
1103,69,103,55
1104,97,104,20
1105,96,105,89
1106,56,106,7
1107,80,107,30
1108,65,108,36
1109,67,109,73
1110,86,110,5
1111,92,111,32
1112,56,112,68
1113,61,113,79
1114,66,114,30
1115,66,115,9
1116,94,116,40
1117,85,117,48
1118,61,118,20
1119,86,119,76
1120,99,120,34
1121,56,121,97
1122,80,122,35
1123,94,123,91
1124,87,124,69
1125,74,125,58
1126,77,126,72
1127,96,127,65
1128,84,128,44
1129,62,129,28
1130,69,130,41
1131,83,131,19
1132,51,132,53
1133,98,133,2
1134,70,134,77
1135,54,135,36
1136,78,136,9
1137,70,137,37
1138,91,138,45
1139,73,139,61
1140,65,140,32
1141,83,141,82
1142,85,142,91
1143,69,143,84
1144,99,144,51
1145,82,145,52
1146,64,146,36
1147,88,147,36
1148,94,148,29
1149,76,149,77
1150,55,150,11
1151,88,151,6
1152,56,152,72
1153,54,153,51
1154,60,154,34
1155,96,155,20
1156,95,156,48
1157,90,157,48
1158,84,158,85
1159,62,159,28
1160,73,160,69
1161,91,161,96
1162,83,162,96
1163,83,163,55
1164,85,164,60
1165,74,165,6
1166,63,166,40
1167,64,167,79
1168,57,168,88
1169,95,169,26
1170,89,170,97
1171,86,171,1
1172,71,172,98
1173,90,173,40
1174,74,174,75
1175,80,175,32
1176,70,176,22
1177,62,177,22
1178,81,178,16
1179,50,179,94
1180,63,180,81
1181,56,181,63
1182,59,182,100
1183,76,183,49
1184,92,184,10
1185,51,185,65
1186,86,186,80
1187,52,187,51
1188,95,188,8
1189,58,189,56
1190,82,190,91
1191,52,191,14
1192,92,192,81
1193,57,193,16
1194,70,194,44
1195,50,195,14
1196,89,196,86
1197,70,197,54
1198,97,198,91
1199,83,199,56
1200,94,200,6
1201,72,201,22
1202,62,202,91
1203,63,203,54
1204,55,204,15
1205,92,205,21
1206,54,206,2
1207,94,207,17
1208,74,208,91
1209,93,209,81
1210,81,210,76
1211,90,211,58
1212,99,212,23
1213,61,213,74
1214,62,214,8
1215,58,215,85
1216,84,216,65
1217,90,217,71
1218,86,218,33
1219,89,219,87
1220,51,220,4
1221,59,221,51
1222,67,222,38
1223,93,223,17
1224,70,224,99
1225,51,225,18
1226,91,226,84
1227,67,227,72
1228,81,228,67
1229,89,229,57
1230,58,230,94
1231,93,231,53
1232,54,232,23
1233,89,233,78
1234,70,234,1
1235,93,235,57
1236,84,236,62
1237,85,237,96
1238,73,238,4
1239,87,239,24
1240,66,240,93
1241,51,241,64
1242,66,242,31
1243,76,243,11
1244,66,244,8
1245,90,245,41
1246,93,246,79
1247,51,247,16
1248,68,248,52
1249,79,249,46
1250,94,250,65
1251,90,251,85
1252,51,252,78
1253,58,253,41
1254,68,254,47
1255,62,255,15
1256,70,256,25
1257,66,257,9
1258,97,258,66
1259,88,259,14
1260,53,260,50
1261,90,261,63
1262,95,262,24
1263,90,263,89
1264,85,264,5
1265,67,265,67
1266,68,266,65
1267,85,267,44
1268,75,268,61
1269,59,269,25
1270,67,270,79
1271,75,271,3
1272,57,272,84
1273,99,273,57
1274,62,274,74
1275,85,275,7
1276,56,276,76
1277,81,277,83
1278,52,278,80
1279,98,279,74
1280,64,280,92
1281,63,281,94
1282,96,282,41
1283,90,283,78
1284,78,284,79
1285,88,285,99
1286,56,286,92
1287,66,287,15
1288,68,288,14
1289,89,289,17
1290,88,290,86
1291,71,291,62
1292,50,292,22
1293,50,293,82
1294,85,294,10
1295,68,295,96
1296,90,296,100
1297,94,297,10
1298,83,298,77
1299,87,299,17
1300,76,300,40
1301,62,301,47
1302,57,302,33
1303,53,303,86
1304,76,304,62
1305,63,305,20
1306,60,306,99
1307,72,307,25
1308,77,308,81
1309,77,309,0
1310,75,310,55
1311,55,311,37
1312,56,312,11
1313,93,313,49
1314,90,314,52
1315,78,315,71
1316,55,316,17
1317,58,317,9
1318,81,318,9
1319,92,319,84
1320,55,320,89
1321,99,321,80
1322,92,322,88
1323,92,323,9
1324,71,324,95
1325,70,325,100
1326,69,326,57
1327,71,327,42
1328,52,328,34
1329,78,329,54
1330,66,330,9
1331,85,331,15
1332,71,332,97
1333,55,333,54
1334,65,334,21
1335,97,335,66
1336,54,336,71
1337,79,337,37
1338,56,338,35
1339,90,339,98
1340,56,340,9
1341,66,341,16
1342,78,342,32
1343,80,343,23
1344,99,344,31
1345,62,345,92
1346,70,346,3
1347,58,347,8
1348,95,348,19
1349,62,349,97
1350,65,350,51
1351,67,351,94
1352,58,352,60
1353,96,353,81
1354,78,354,25
1355,95,355,91
1356,84,356,84
1357,80,357,66
1358,91,358,16
1359,50,359,27
1360,58,360,54
1361,65,361,2
1362,99,362,67
1363,78,363,78
1364,51,364,97
1365,78,365,8
1366,57,366,39
1367,82,367,28
1368,89,368,86
1369,81,369,3
1370,89,370,6
1371,58,371,23
1372,72,372,66
1373,85,373,82
1374,72,374,80
1375,95,375,89
1376,94,376,30
1377,98,377,33
1378,78,378,6
1379,96,379,13
1380,70,380,22
1381,83,381,86
1382,89,382,66
1383,77,383,80
1384,67,384,52
1385,82,385,3
1386,68,386,100
1387,54,387,0
1388,75,388,28
1389,69,389,66
1390,60,390,16
1391,83,391,32
1392,50,392,63
1393,63,393,56
1394,89,394,24
1395,69,395,0
1396,90,396,25
1397,89,397,72
1398,64,398,60
1399,72,399,0
1400,85,400,51
1401,75,401,81
1402,98,402,73
1403,93,403,42
1404,95,404,59
1405,69,405,49
1406,88,406,50
1407,63,407,82
1408,96,408,58
1409,87,409,89
1410,50,410,26
1411,99,411,47
1412,71,412,3
1413,93,413,22
1414,59,414,26
1415,95,415,46
1416,56,416,54
1417,60,417,59
1418,56,418,39
1419,72,419,36
1420,76,420,71
1421,70,421,59
1422,52,422,60
1423,92,423,92
1424,95,424,51
1425,75,425,20
1426,78,426,79
1427,53,427,4
1428,79,428,90
1429,55,429,40
1430,50,430,42
1431,69,431,10
1432,58,432,34
1433,96,433,21
1434,62,434,48
1435,88,435,43
1436,86,436,41
1437,74,437,92
1438,85,438,80
1439,76,439,76
1440,79,440,19
1441,76,441,44
1442,69,442,45
1443,76,443,91
1444,77,444,88
1445,57,445,0
1446,51,446,18
1447,67,447,17
1448,95,448,54
1449,99,449,6
1450,88,450,82
1451,56,451,69
1452,90,452,12
1453,74,453,34
1454,90,454,100
1455,69,455,43
1456,57,456,87
1457,80,457,70
1458,94,458,16
1459,99,459,99
1460,59,460,22
1461,55,461,8
1462,60,462,88
1463,65,463,2
1464,52,464,59
1465,68,465,22
1466,55,466,26
1467,62,467,39
1468,65,468,83
1469,75,469,96
1470,56,470,33
1471,85,471,88
1472,99,472,66
1473,52,473,93
1474,79,474,10
1475,69,475,40
1476,54,476,68
1477,60,477,95
1478,52,478,12
1479,81,479,18
1480,83,480,87
1481,79,481,64
1482,65,482,39
1483,96,483,52
1484,59,484,23
1485,71,485,55
1486,91,486,2
1487,99,487,78
1488,99,488,81
1489,77,489,40
1490,51,490,46
1491,94,491,25
1492,72,492,61
1493,83,493,7
1494,64,494,83
1495,98,495,59
1496,75,496,43
1497,96,497,45
1498,65,498,4
1499,95,499,72
1500,93,0,0
1501,52,1,66
1502,65,2,82
1503,67,3,60
1504,79,4,15
1505,91,5,76
1506,87,6,24
1507,74,7,69
1508,73,8,81
1509,97,9,92
1510,85,10,97
1511,84,11,47
1512,91,12,58
1513,83,13,19
1514,56,14,49
1515,78,15,36
1516,51,16,41
1517,90,17,75
1518,61,18,20
1519,55,19,93
1520,89,20,17
1521,77,21,71
1522,94,22,4
1523,78,23,43
1524,82,24,15
1525,90,25,14
1526,61,26,60
1527,95,27,48
1528,50,28,76
1529,68,29,54
1530,96,30,27
1531,63,31,58
1532,50,32,19
1533,78,33,51
1534,68,34,36
1535,55,35,68
1536,88,36,79
1537,98,37,57
1538,87,38,86
1539,68,39,49
1540,80,40,27
1541,84,41,74
1542,68,42,14
1543,61,43,61
1544,61,44,39
1545,63,45,87
1546,95,46,27
1547,51,47,18
1548,96,48,60
1549,85,49,41
1550,99,50,22
1551,68,51,38
1552,77,52,96
1553,74,53,90
1554,91,54,20
1555,83,55,17
1556,97,56,3
1557,66,57,28
1558,88,58,17
1559,83,59,58
1560,57,60,39
1561,52,61,95
1562,83,62,0
1563,68,63,82
1564,80,64,96
1565,52,65,22
1566,77,66,15
1567,92,67,41
1568,61,68,21
1569,91,69,54
1570,52,70,5
1571,59,71,66
1572,70,72,100
1573,60,73,45
1574,69,74,68
1575,73,75,71
1576,65,76,48
1577,61,77,9
1578,53,78,94
1579,63,79,73
1580,86,80,37
1581,98,81,40
1582,98,82,8
1583,64,83,41
1584,67,84,58
1585,89,85,58
1586,68,86,45
1587,98,87,18
1588,57,88,54
1589,67,89,24
1590,74,90,30
1591,84,91,41
1592,56,92,89
1593,83,93,47
1594,60,94,28
1595,68,95,13
1596,59,96,51
1597,84,97,18
1598,85,98,81
1599,84,99,20
1600,84,100,44
1601,83,101,0
1602,77,102,22
1603,57,103,64
1604,95,104,10
1605,69,105,87
1606,92,106,4
1607,89,107,57
1608,71,108,77
1609,96,109,21
1610,96,110,2
1611,86,111,36
1612,93,112,7
1613,73,113,93
1614,51,114,62
1615,60,115,52
1616,55,116,48
1617,84,117,94
1618,96,118,21
1619,64,119,32
1620,84,120,48
1621,92,121,42
1622,83,122,76
1623,97,123,47
1624,60,124,49
1625,88,125,81
1626,96,126,62
1627,88,127,91
1628,59,128,86
1629,81,129,53
1630,87,130,15
1631,80,131,22
1632,58,132,8
1633,52,133,59
1634,81,134,100
1635,84,135,40
1636,81,136,21
1637,70,137,3
1638,66,138,67
1639,65,139,97
1640,62,140,7
1641,85,141,45
1642,91,142,96
1643,53,143,34
1644,91,144,13
1645,79,145,62
1646,77,146,74
1647,97,147,81
1648,62,148,74
1649,53,149,98
1650,85,150,61
1651,83,151,59
1652,80,152,20
1653,50,153,96
1654,50,154,61
1655,99,155,55
1656,93,156,16
1657,82,157,9
1658,91,158,17
1659,67,159,34
1660,80,160,36
1661,52,161,34
1662,84,162,19
1663,60,163,87
1664,82,164,54
1665,79,165,51
1666,97,166,26
1667,54,167,12
1668,94,168,17
1669,93,169,84
1670,53,170,6
1671,79,171,54
1672,96,172,9
1673,68,173,53
1674,95,174,78
1675,65,175,2
1676,55,176,34
1677,61,177,13
1678,94,178,12
1679,62,179,38
1680,82,180,51
1681,78,181,100
1682,97,182,2
1683,55,183,46
1684,83,184,89
1685,83,185,74
1686,59,186,96
1687,53,187,15
1688,78,188,76
1689,52,189,69
1690,74,190,84
1691,59,191,19
1692,65,192,0
1693,94,193,62
1694,74,194,90
1695,99,195,9
1696,80,196,10
1697,69,197,58
1698,83,198,67
1699,82,199,63
1700,98,200,64
1701,57,201,68
1702,74,202,79
1703,91,203,78
1704,63,204,84
1705,68,205,20
1706,57,206,68
1707,86,207,13
1708,82,208,50
1709,93,209,27
1710,70,210,78
1711,89,211,41
1712,93,212,75
1713,86,213,65
1714,95,214,99
1715,84,215,52
1716,77,216,88
1717,75,217,31
1718,90,218,36
1719,71,219,94
1720,98,220,20
1721,99,221,20
1722,65,222,68
1723,58,223,28
1724,88,224,15
1725,63,225,96
1726,52,226,23
1727,63,227,92
1728,88,228,31
1729,52,229,47
1730,89,230,17
1731,73,231,89
1732,55,232,13
1733,57,233,42
1734,79,234,4
1735,77,235,95
1736,61,236,1
1737,90,237,70
1738,90,238,37
1739,50,239,70
1740,52,240,100
1741,88,241,72
1742,63,242,79
1743,66,243,91
1744,71,244,51
1745,66,245,28
1746,89,246,5
1747,65,247,99
1748,92,248,86
1749,82,249,94
1750,90,250,86
1751,60,251,42
1752,95,252,95
1753,64,253,16
1754,78,254,23
1755,88,255,28
1756,50,256,24
1757,61,257,30
1758,62,258,73
1759,96,259,34
1760,75,260,50
1761,94,261,54
1762,74,262,65
1763,79,263,29
1764,59,264,10
1765,56,265,82
1766,84,266,93
1767,81,267,61
1768,90,268,59
1769,56,269,94
1770,71,270,60
1771,61,271,88
1772,56,272,3
1773,87,273,48
1774,74,274,48
1775,97,275,52
1776,66,276,65
1777,56,277,20
1778,59,278,62
1779,69,279,71
1780,54,280,46
1781,73,281,9
1782,59,282,65
1783,70,283,1
1784,54,284,63
1785,93,285,96
1786,96,286,67
1787,51,287,16
1788,67,288,91
1789,99,289,64
1790,99,290,40
1791,73,291,47
1792,70,292,46
1793,67,293,80
1794,87,294,80
1795,62,295,33
1796,51,296,3
1797,95,297,3
1798,55,298,29
1799,56,299,27
1800,92,300,12
1801,65,301,24
1802,78,302,99
1803,92,303,8
1804,98,304,21
1805,81,305,73
1806,78,306,35
1807,72,307,48
1808,52,308,41
1809,98,309,48
1810,64,310,54
1811,91,311,41
1812,97,312,97
1813,67,313,31
1814,67,314,14
1815,75,315,23
1816,53,316,37
1817,99,317,96
1818,72,318,21
1819,91,319,63
1820,85,320,68
1821,58,321,40
1822,71,322,82
1823,76,323,94
1824,57,324,78
1825,63,325,76
1826,63,326,97
1827,70,327,88
1828,91,328,30
1829,96,329,4
1830,72,330,28
1831,51,331,55
1832,90,332,54
1833,91,333,46
1834,59,334,89
1835,79,335,38
1836,95,336,6
1837,85,337,23
1838,54,338,4
1839,64,339,32
1840,83,340,87
1841,54,341,98
1842,53,342,4
1843,97,343,24
1844,57,344,0
1845,56,345,32
1846,66,346,2
1847,82,347,32
1848,99,348,19
1849,64,349,76
1850,69,350,25
1851,50,351,94
1852,75,352,80
1853,83,353,80
1854,70,354,6
1855,67,355,29
1856,68,356,86
1857,69,357,61
1858,51,358,98
1859,56,359,93
1860,87,360,70
1861,94,361,74
1862,60,362,11
1863,73,363,63
1864,81,364,33
1865,80,365,4
1866,74,366,11
1867,75,367,93
1868,90,368,91
1869,57,369,7
1870,99,370,31
1871,71,371,55
1872,69,372,63
1873,99,373,4
1874,61,374,14
1875,50,375,61
1876,79,376,71
1877,72,377,92
1878,68,378,84
1879,80,379,7
1880,97,380,11
1881,93,381,53
1882,97,382,79
1883,86,383,69
1884,88,384,96
1885,84,385,23
1886,93,386,62
1887,55,387,50
1888,85,388,84
1889,55,389,38
1890,87,390,14
1891,81,391,32
1892,65,392,12
1893,65,393,2
1894,60,394,58
1895,67,395,36
1896,93,396,11
1897,67,397,60
1898,91,398,56
1899,53,399,13
1900,81,400,14
1901,93,401,89
1902,62,402,16
1903,74,403,67
1904,78,404,81
1905,70,405,52
1906,93,406,98
1907,81,407,20
1908,86,408,83
1909,50,409,46
1910,90,410,24
1911,60,411,97
1912,56,412,57
1913,58,413,62
1914,68,414,20
1915,92,415,73
1916,72,416,51
1917,88,417,24
1918,71,418,70
1919,56,419,23
1920,64,420,60
1921,50,421,56
1922,57,422,92
1923,55,423,97
1924,93,424,23
1925,53,425,84
1926,95,426,27
1927,80,427,85
1928,86,428,77
1929,91,429,10
1930,69,430,34
1931,87,431,33
1932,57,432,87
1933,52,433,37
1934,80,434,60
1935,50,435,69
1936,77,436,91
1937,98,437,81
1938,65,438,39
1939,56,439,1
1940,99,440,25
1941,70,441,44
1942,73,442,26
1943,71,443,78
1944,77,444,50
1945,91,445,88
1946,68,446,27
1947,63,447,1
1948,90,448,96
1949,71,449,24
1950,56,450,14
1951,69,451,68
1952,94,452,100
1953,82,453,42
1954,98,454,60
1955,52,455,94
1956,54,456,14
1957,55,457,53
1958,76,458,72
1959,95,459,74
1960,62,460,83
1961,98,461,94
1962,74,462,4
1963,82,463,97
1964,77,464,1
1965,82,465,71
1966,55,466,93
1967,86,467,51
1968,93,468,99
1969,89,469,46
1970,95,470,6
1971,99,471,96
1972,94,472,70
1973,70,473,26
1974,58,474,51
1975,56,475,100
1976,82,476,45
1977,76,477,20
1978,51,478,57
1979,95,479,84
1980,77,480,66
1981,91,481,6
1982,69,482,31
1983,95,483,16
1984,60,484,39
1985,81,485,53
1986,72,486,55
1987,79,487,50
1988,64,488,20
1989,88,489,65
1990,81,490,66
1991,52,491,30
1992,98,492,86
1993,84,493,61
1994,61,494,70
1995,73,495,5
1996,83,496,29
1997,60,497,24
1998,93,498,41
1999,91,499,83
